salesrep_id,first_name,last_name
1,Regina,Molina
2,Carol,Knox
3,Monica,Perez
4,Bryan,Schmidt
5,John,Welch
6,Mariah,Heath
7,Rebecca,Gibson
8,Elizabeth,Ramirez
9,Zachary,Rose
10,Larry,Vasquez
11,Christie,Thompson
12,Kim,Harrison
13,Kimberly,Robinson
14,Leslie,Campbell
15,Bob,Sampson
16,Stephanie,Murphy
17,Mary,Guerrero
18,Erin,Camacho
19,Matthew,Miller
20,Samantha,Mayo
21,Sean,Bailey
22,Benjamin,Brown
23,Monica,Powers
24,Steven,David
25,David,Lucas
26,Peter,Phillips
27,Stephanie,Hart
28,Jason,Peterson
29,Eric,Shepherd
30,Erica,Harper
31,Larry,Smith
32,James,Weiss
33,Andrew,Mitchell
34,Glen,Long
35,Patricia,Larsen
36,Toni,Sullivan
37,Carla,Doyle
38,Scott,Reed
39,Robert,Roth
40,Eileen,Franklin
41,Rodney,Tate
42,Kristen,Gray
43,Nicole,Watts
44,Alyssa,Peterson
45,Joseph,Rodriguez
46,Chloe,Berg
47,Abigail,Payne
48,Jamie,Smith
49,Adam,Houston
50,Justin,Bell
51,Carrie,Wright
52,Melissa,Simmons
53,Heather,Turner
54,Daniel,Rivera
55,Sheila,Montoya
56,Nancy,Price
57,Martin,Lewis
58,Brent,Hernandez
59,Christopher,Maynard
60,Diana,Bryant
61,Jessica,Odonnell
62,Matthew,Cardenas
63,Joseph,Fisher
64,James,Wilson
65,Brandon,Ford
66,Bradley,Smith
67,Dale,Garcia
68,Alexandria,Sherman
69,Zachary,Case
70,Richard,Jones
71,Vanessa,Snyder
72,Robert,Wright
73,Felicia,Ray
