client_id,name,signup_date
1,"Patterson, Poole and Thompson",11/9/2022
2,Gallegos and Sons,11/13/2022
3,"Luna, Whitney and Mccullough",12/3/2022
4,Bryant Inc,5/19/2023
5,"Green, Johnson and Bradley",4/24/2023
6,Ortiz and Sons,6/23/2023
7,"Moran, Johnson and Jones",2/9/2023
8,Gutierrez-Bell,11/8/2022
9,Davidson-Adams,3/18/2023
10,White-Miller,4/21/2023
11,"Smith, Chavez and Ford",12/27/2022
12,Good-Carlson,10/29/2022
13,"Hill, Mcbride and Hart",3/15/2023
14,Wagner Ltd,3/25/2023
15,Phillips-Powell,7/31/2023
16,Chavez and Sons,3/6/2023
17,Young Group,3/8/2023
18,Lozano-Thompson,12/12/2022
19,"Rodgers, Rice and Fuller",9/6/2022
20,"Jones, Lewis and Boyle",7/14/2023
21,"Strickland, Lambert and Christensen",8/15/2022
22,Smith PLC,6/4/2023
23,"Montgomery, Gutierrez and Hendricks",12/9/2022
24,Abbott-Carpenter,5/17/2023
25,Taylor Group,3/27/2023
26,Long LLC,5/28/2023
27,Hunter and Sons,1/6/2023
28,Harris PLC,4/6/2023
29,"Thompson, Buckley and Bradshaw",4/19/2023
30,"Juarez, Nelson and Nielsen",3/21/2023
31,Williams and Sons,9/17/2022
32,"Barton, Schmidt and Williams",2/25/2023
33,Glover Group,7/30/2023
34,Sampson Group,8/11/2023
35,Miller Inc,9/21/2022
36,"Castaneda, Johnson and Holloway",12/3/2022
37,Thomas-Franco,5/6/2023
38,"Shannon, Alexander and Gibson",9/22/2022
39,Allen-Parker,8/26/2022
40,Chan-Perkins,2/28/2023
41,Liu and Sons,1/31/2023
42,"Lynn, Henderson and Reed",9/18/2022
43,Hill and Sons,5/27/2023
44,Marsh-Wright,8/29/2022
45,Campos and Sons,7/24/2023
46,Blackburn Group,5/29/2023
47,"Parker, Sparks and Yang",8/18/2022
48,Young-Robinson,7/18/2023
49,"Pennington, Russell and Smith",8/27/2022
50,Estrada-Sanders,7/17/2023
51,"Hernandez, Hammond and Bennett",8/10/2023
52,Bishop-Vargas,3/21/2023
53,Woodard PLC,7/15/2023
54,"Miller, Thomas and Smith",6/10/2023
55,Romero and Sons,5/2/2023
56,White Group,2/23/2023
57,Murphy-Schmidt,4/30/2023
58,Scott-Wolfe,8/2/2023
59,"Macdonald, Henry and Mcdaniel",2/5/2023
60,Hansen LLC,8/19/2022
61,"Cruz, Benson and Jackson",6/6/2023
62,Carlson and Sons,3/9/2023
63,Wilson-Taylor,6/6/2023
64,Davis LLC,9/5/2022
65,Thomas-Santos,11/17/2022
66,Henderson-Kemp,3/5/2023
67,White LLC,3/26/2023
68,Edwards Ltd,10/31/2022
69,"Ruiz, Walton and Giles",5/4/2023
70,Barnett PLC,11/7/2022
71,Obrien PLC,9/7/2022
72,"Osborne, Mcclure and Manning",7/23/2023
73,"Vargas, Bradley and Frazier",12/11/2022
74,Hale-Wilson,7/9/2023
75,Forbes-Huber,7/17/2023
76,"Jones, Sanchez and Hunter",8/22/2022
77,Bennett Inc,11/14/2022
78,"Miller, Hardy and Mcdaniel",3/29/2023
79,"Davis, Finley and Garrett",5/13/2023
80,"Bell, Martinez and Rogers",10/19/2022
81,"Griffin, Dawson and Mccarthy",5/23/2023
82,Mathews-Potts,1/7/2023
83,Sharp LLC,12/4/2022
84,Gonzales and Sons,1/8/2023
85,"Johnson, Warner and Brown",6/24/2023
86,"Parker, Collins and Kelly",8/26/2022
87,Thomas-Johnson,10/5/2022
88,"Davis, Galvan and Williams",2/3/2023
89,Myers-Thompson,10/27/2022
90,"Reed, Herrera and Ballard",1/16/2023
91,Welch PLC,1/7/2023
92,Molina and Sons,3/25/2023
93,"Bell, Harris and Hunter",4/30/2023
94,English Inc,1/6/2023
95,"Dixon, Morris and Navarro",7/1/2023
96,"Allen, Graves and Gardner",1/15/2023
97,Roberts Group,3/29/2023
98,Castro-Kane,6/11/2023
99,Hoffman Inc,6/10/2023
100,Powell LLC,1/27/2023
101,Brady PLC,3/30/2023
102,Smith Inc,1/5/2023
103,Bates-Williams,1/8/2023
104,Morgan Inc,7/24/2023
105,"Taylor, Hicks and Lopez",9/19/2022
106,Ford-Hall,6/7/2023
107,Garrett Inc,11/19/2022
108,"Barber, Williams and Smith",12/16/2022
109,Murphy-White,5/8/2023
110,"Colon, Molina and Chang",8/27/2022
111,Williams-Mills,11/18/2022
112,"Roberts, Henderson and Hernandez",5/3/2023
113,Carrillo and Sons,9/21/2022
114,Carroll-Brown,3/11/2023
115,Wilson Inc,5/24/2023
116,"Mccann, Lee and Pittman",3/3/2023
117,"Perez, Fischer and Bradley",1/25/2023
118,"Hayes, Glass and Mueller",1/6/2023
119,Williams-Wood,11/14/2022
120,Patrick Group,9/13/2022
121,Johnson-Garcia,6/3/2023
122,Rogers Inc,3/17/2023
123,Williams-Benson,1/22/2023
124,Jones-Robbins,7/18/2023
125,Davis-Jimenez,8/1/2023
126,"King, Klein and Hess",3/3/2023
127,"Daniel, King and Booker",5/24/2023
128,Kennedy-Garcia,10/3/2022
129,Larsen LLC,7/7/2023
130,"Tran, Fischer and Hall",3/28/2023
131,Allen PLC,10/14/2022
132,Goodwin-Macias,5/11/2023
133,"Stone, Medina and Santana",11/1/2022
134,Rogers Ltd,3/21/2023
135,Roberts-Williams,3/11/2023
136,"Perez, Bruce and Mercer",6/14/2023
137,"Stafford, Green and Castro",3/2/2023
138,Lewis-Hart,1/1/2023
139,Sweeney Group,3/18/2023
140,"Gonzalez, Carlson and Cooley",4/21/2023
141,Summers-Ortiz,1/18/2023
142,"Wu, Cross and Hall",2/9/2023
143,"Fields, Smith and Norton",12/25/2022
144,Miller-West,7/15/2023
145,"Peters, Hanson and Johnson",11/16/2022
146,Ramirez-Warren,10/23/2022
147,"Garcia, Rivera and Larson",3/20/2023
148,Alvarez-Harvey,2/28/2023
149,"Mclaughlin, Chavez and Gordon",8/18/2022
150,"Brown, Rivas and Wong",11/20/2022
151,Hall-Dunn,7/10/2023
152,Mayer-Arellano,1/27/2023
153,Jenkins-Nichols,7/3/2023
154,Thomas LLC,2/27/2023
155,Hardy-Lewis,11/14/2022
156,"Wright, Castro and Peterson",4/17/2023
157,Morris PLC,11/3/2022
158,Jones-Edwards,2/16/2023
159,Allen PLC,12/28/2022
160,"Bennett, Myers and Sutton",5/30/2023
161,"Sharp, Mckenzie and Butler",8/7/2023
162,Wade-Morgan,7/17/2023
163,"Torres, Williams and Martin",10/15/2022
164,Yates Group,5/5/2023
165,Woods Inc,8/11/2022
166,"Lester, Ford and Jones",9/1/2022
167,James-Shaw,4/8/2023
168,Wilson-Gonzalez,5/12/2023
169,Cox-Gutierrez,1/13/2023
170,Thompson and Sons,3/19/2023
171,Hatfield-Nash,6/28/2023
172,Cruz PLC,4/25/2023
173,"Garcia, Morse and Buchanan",1/28/2023
174,"Mitchell, Brown and Morgan",12/20/2022
175,Garcia LLC,4/10/2023
176,Blevins-Williams,6/19/2023
177,Salazar-Jones,2/15/2023
178,Christensen-Jones,1/18/2023
179,Daniels LLC,1/13/2023
180,"Cuevas, Adams and Hunt",1/9/2023
181,Mcclure-Lang,1/17/2023
182,"Young, Morgan and Campbell",7/31/2023
183,Williams Group,5/22/2023
184,Wu-Parsons,3/27/2023
185,"Hunter, Gonzalez and Wright",6/29/2023
186,"Collins, Mejia and Meyer",10/8/2022
187,Sutton-Tran,3/13/2023
188,Robertson-Davis,6/29/2023
189,"Mckinney, Wong and Sherman",4/29/2023
190,Stark and Sons,10/1/2022
191,Jones and Sons,5/1/2023
192,"Patterson, Ramirez and Ramsey",12/1/2022
193,Moore-Cochran,7/13/2023
194,Stewart-Nguyen,6/26/2023
195,Thomas-Clark,12/30/2022
196,Curtis and Sons,3/30/2023
197,Hammond Ltd,1/23/2023
198,Johnston-Edwards,11/27/2022
199,Barrett PLC,7/21/2023
200,Rowe and Sons,6/24/2023
201,Davis LLC,1/22/2023
202,Allen Inc,1/10/2023
203,Hall-Hall,4/23/2023
204,"Snyder, Smith and Ray",8/16/2022
205,"Patterson, Miller and Baker",4/3/2023
206,Thompson LLC,11/23/2022
207,"Ramirez, Vasquez and Adams",12/31/2022
208,Ramos PLC,11/6/2022
209,"Silva, Wilson and Montgomery",2/11/2023
210,Davila and Sons,5/20/2023
211,Cole-Charles,1/15/2023
212,Larson and Sons,9/27/2022
213,Cox Group,7/11/2023
214,"Lara, Brown and Freeman",5/11/2023
215,Fisher PLC,1/14/2023
216,Rodriguez Group,1/15/2023
217,Williams-Brown,11/20/2022
218,Ellis-Cooper,12/11/2022
219,"Hall, Bass and Navarro",12/6/2022
220,"Smith, Jones and Patton",2/10/2023
221,Flores-Wise,5/19/2023
222,"Taylor, Jackson and Morgan",4/25/2023
223,Lane-Fields,10/16/2022
224,"Cowan, Bond and Adkins",11/5/2022
225,Gilbert and Sons,1/30/2023
226,Walker and Sons,6/14/2023
227,Cooper Group,11/10/2022
228,Allen-Glover,8/11/2022
229,"Gutierrez, Bond and Lopez",3/22/2023
230,"Hicks, Johnson and Hall",11/22/2022
231,Potter-Tucker,10/22/2022
232,Kelly-Mendoza,3/23/2023
233,Mcbride-Case,3/8/2023
234,"Huffman, Pratt and Hamilton",11/12/2022
235,Lloyd-Wilson,5/1/2023
236,Goodman-Morgan,11/6/2022
237,"Scott, Mcfarland and Navarro",12/15/2022
238,Skinner and Sons,7/29/2023
239,Colon Group,10/17/2022
240,"Riggs, Morales and Glover",9/16/2022
241,"Pena, Hanson and Simpson",3/5/2023
242,"Sanchez, Bishop and Smith",5/26/2023
243,Harris-Johnson,7/25/2023
244,Taylor-Holt,5/2/2023
245,Hernandez PLC,2/9/2023
246,"Mendez, Brown and Chang",2/21/2023
247,Ortiz-Elliott,7/17/2023
248,Stephens and Sons,6/12/2023
249,Hutchinson PLC,8/17/2022
250,"Gutierrez, Orozco and Smith",10/5/2022
251,Thompson-Warner,3/5/2023
252,Miles and Sons,3/23/2023
253,Weaver-Davis,3/24/2023
254,Roberson PLC,7/12/2023
255,Sparks-Patterson,7/14/2023
256,Roberts Ltd,7/2/2023
257,"Jennings, Green and Adams",5/1/2023
258,Burton-Hill,4/2/2023
259,Butler and Sons,10/6/2022
260,Collins-Crawford,11/2/2022
261,Thompson-Schmidt,12/8/2022
262,Mason PLC,9/1/2022
263,"Beck, Roberts and Adams",3/11/2023
264,Bryant-Garcia,9/6/2022
265,Bray Group,9/20/2022
266,Andrews-Lynch,12/13/2022
267,Richardson Group,10/16/2022
268,Jackson-Thomas,3/17/2023
269,Butler-Baldwin,5/8/2023
270,Thompson-Clark,10/9/2022
271,"Fowler, Taylor and Phillips",11/22/2022
272,"Rodriguez, Vega and Duncan",9/14/2022
273,"Lloyd, Smith and Smith",3/21/2023
274,Strickland-Horton,1/23/2023
275,Sanchez-Gregory,1/11/2023
276,Allen-Morgan,2/3/2023
277,Torres and Sons,11/16/2022
278,King-Price,9/17/2022
279,"Jackson, Armstrong and Heath",10/15/2022
280,Crawford-Coleman,7/31/2023
281,"Travis, Moore and Hernandez",5/25/2023
282,"Robinson, Sims and Dalton",5/23/2023
283,"Ramos, Caldwell and Johnson",6/1/2023
284,"Robertson, Roberts and Nelson",7/3/2023
285,Gomez-Wilson,11/2/2022
286,Mejia-Morrow,3/24/2023
287,"Moore, Harding and Burgess",4/28/2023
288,Cruz and Sons,11/10/2022
289,Gardner-Cain,5/10/2023
290,Scott LLC,8/19/2022
291,"Lopez, Guzman and Ramirez",11/22/2022
292,"Thomas, Ross and Gray",12/31/2022
293,"Hernandez, Nguyen and Greene",9/28/2022
294,Davis-Hill,8/19/2022
295,Johnson PLC,7/29/2023
296,Moss-Bentley,8/27/2022
297,Barron Ltd,8/27/2022
298,Johnson LLC,6/29/2023
299,Hernandez and Sons,5/31/2023
300,Wheeler-Palmer,6/28/2023
301,"Alexander, Garcia and Collins",9/29/2022
302,Schultz-Cox,12/28/2022
303,Byrd LLC,12/4/2022
304,"Hall, Reyes and Powell",5/10/2023
305,Davis PLC,6/2/2023
306,Carter PLC,6/12/2023
307,Torres Group,8/29/2022
308,Morrow-Williams,11/12/2022
309,Scott Inc,11/30/2022
310,"May, Smith and Salazar",7/2/2023
311,Davis-Farmer,1/26/2023
312,Cox-Petty,12/16/2022
313,"Harris, Campbell and Hendricks",6/9/2023
314,"Pratt, Woods and Ramos",6/4/2023
315,Wilkerson PLC,8/2/2023
316,"Klein, Vega and Washington",10/15/2022
317,Robertson-Wilkins,2/15/2023
318,"Stewart, Lloyd and Dennis",2/27/2023
319,King Inc,12/23/2022
320,Wilson-Taylor,9/11/2022
321,Wright Inc,3/19/2023
322,Hall-Griffin,3/16/2023
323,"Khan, Mendoza and Garner",5/22/2023
324,Davis Group,7/9/2023
325,Harmon-Ford,11/24/2022
326,"Callahan, Henry and Mitchell",10/15/2022
327,Nunez-Sanders,2/2/2023
328,Thomas and Sons,11/24/2022
329,Larson LLC,5/12/2023
330,Hull Inc,2/11/2023
331,"Sullivan, White and Brooks",2/3/2023
332,Wiley PLC,9/21/2022
333,"Perry, Lane and Kirby",12/14/2022
334,Washington Ltd,2/13/2023
335,"Medina, Knight and Jones",5/16/2023
336,Hoffman Group,4/17/2023
337,Browning PLC,5/13/2023
338,Villegas-Kramer,8/10/2023
339,Cannon-Jones,10/9/2022
340,Little Inc,6/15/2023
341,"Thomas, Kim and Vaughn",7/30/2023
342,Rose-Martinez,8/18/2022
343,Ruiz and Sons,11/18/2022
344,"Long, Bryant and Mullen",1/26/2023
345,Fuentes PLC,4/8/2023
346,"Watson, Nielsen and Simmons",7/1/2023
347,Cline Ltd,12/26/2022
348,Morton-Sanchez,5/19/2023
349,Sanchez Inc,7/20/2023
350,"Newman, Smith and Wagner",4/23/2023
351,Jackson-Kline,12/15/2022
352,Miller LLC,5/15/2023
353,"Harris, Carter and Alexander",10/1/2022
354,Cabrera-Smith,9/13/2022
355,Chang Group,11/16/2022
356,"Miller, Schmidt and Christensen",2/16/2023
357,Cooper Ltd,4/26/2023
358,Gray-Gill,1/5/2023
359,"Oneal, Eaton and Thomas",8/10/2023
360,"Irwin, Howard and Erickson",12/9/2022
361,Harvey-Thomas,9/7/2022
362,Wallace-Marshall,11/2/2022
363,Woods-James,8/24/2022
364,Yates Ltd,4/23/2023
365,Lee-Johnson,11/22/2022
366,Webb Ltd,5/17/2023
367,Fowler-Allen,1/21/2023
368,Richmond-Nichols,6/17/2023
369,Carey PLC,2/12/2023
370,"Weiss, Stanley and Ward",8/15/2022
371,Obrien Ltd,12/27/2022
372,Jensen Inc,4/1/2023
373,"Bruce, Meyers and Carpenter",6/15/2023
374,Hernandez Inc,11/7/2022
375,Smith-Hale,6/8/2023
376,Anthony LLC,1/23/2023
377,Pittman-Smith,7/31/2023
378,Cruz and Sons,2/7/2023
379,Moss and Sons,3/11/2023
380,"Hamilton, Lamb and Mills",4/27/2023
381,Cole-Odom,4/15/2023
382,Moss-Williamson,12/20/2022
383,Baxter-Sloan,11/25/2022
384,Mullen-Martinez,7/13/2023
385,Meadows Group,4/16/2023
386,"Liu, Haney and Hunter",2/27/2023
387,Sanchez-Horton,1/19/2023
388,Brown-Taylor,10/28/2022
389,"Thomas, Stewart and Forbes",3/14/2023
390,"Espinoza, Smith and Smith",6/10/2023
391,"Lang, Richardson and Reyes",10/23/2022
392,Hoover Group,12/7/2022
393,Wilson-Donovan,2/16/2023
394,"Smith, Taylor and Woods",8/9/2023
395,Mitchell-Walter,9/11/2022
396,Hunt-Rosario,1/16/2023
397,Miller-Wheeler,11/30/2022
398,Dixon Group,9/22/2022
399,"Ho, Bell and Schmidt",12/20/2022
400,"Parker, Rodriguez and Williams",10/26/2022
401,"Barnes, Cortez and Williams",8/10/2023
402,"Williams, Hall and Mendoza",3/2/2023
403,"Campbell, Crawford and Johnson",8/11/2022
404,Mendoza-Moreno,2/10/2023
405,Martin-Diaz,6/22/2023
406,Huff-Galloway,9/13/2022
407,Henderson Group,3/20/2023
408,Bates-Flores,6/16/2023
409,"Hensley, Carter and Palmer",5/8/2023
410,"Brooks, Fischer and Wheeler",3/10/2023
411,Ramsey-Morrow,9/15/2022
412,Turner-Moore,5/24/2023
413,Snyder Inc,9/4/2022
414,"Jones, Kirk and Castro",3/14/2023
415,Mclaughlin LLC,12/9/2022
416,Davis PLC,12/1/2022
417,"Valdez, Taylor and Fischer",12/16/2022
418,Wright-Walton,4/2/2023
419,Wright-Morgan,8/31/2022
420,Norton-Stevens,3/14/2023
421,"Pearson, Morris and Anderson",5/17/2023
422,"Barnes, Lynch and Solis",10/16/2022
423,"Reilly, Williams and Welch",10/10/2022
424,Marquez-Sullivan,5/31/2023
425,"Taylor, Williams and Watkins",5/3/2023
426,"Owen, Owen and Williams",7/20/2023
427,Mcdowell-Dixon,7/23/2023
428,"Smith, Walker and Carpenter",7/24/2023
429,Robinson-Bishop,11/7/2022
430,Mendoza LLC,8/8/2023
431,Mcdaniel LLC,4/19/2023
432,Whitehead LLC,9/18/2022
433,"Maldonado, Smith and Lloyd",11/18/2022
434,Parker Inc,12/31/2022
435,Ibarra Inc,11/12/2022
436,Brock-Ford,7/13/2023
437,Brown PLC,9/13/2022
438,Guerra-Benson,12/17/2022
439,Knapp-Brown,1/16/2023
440,"Baker, Park and Welch",5/1/2023
441,"Hernandez, Harris and Spencer",1/26/2023
442,"Moody, Jefferson and Jackson",8/6/2023
443,Cole and Sons,4/25/2023
444,"Johnston, Montgomery and Walker",4/19/2023
445,Blanchard PLC,2/15/2023
446,Crawford-Powell,3/18/2023
447,"Williams, Adkins and Booth",10/28/2022
448,"Taylor, Morris and Esparza",5/29/2023
449,Smith-Johns,6/21/2023
450,Patton Group,10/18/2022
451,"Mitchell, Reyes and Odonnell",1/16/2023
452,"Bryan, Payne and Olson",6/8/2023
453,Hernandez-Martinez,2/20/2023
454,Watkins and Sons,9/19/2022
455,Arnold Inc,12/31/2022
456,"Davis, Lee and Anderson",7/28/2023
457,"Lewis, Frye and Anderson",2/22/2023
458,"Harrison, Rush and Jacobs",12/7/2022
459,Smith Inc,4/6/2023
460,"Long, Peterson and Peck",4/19/2023
461,Vasquez-Lambert,10/1/2022
462,Christensen-Young,9/12/2022
463,Joseph-Green,6/22/2023
464,Gonzalez Inc,4/3/2023
465,"Melton, Adams and Shaw",11/23/2022
466,"Morgan, Coleman and Lambert",6/5/2023
467,Stone Inc,8/23/2022
468,Morris LLC,1/9/2023
469,Castillo-Roberson,7/11/2023
470,Webb Inc,11/18/2022
471,"Woods, Burns and Cooper",11/11/2022
472,Ponce LLC,3/18/2023
473,Woods Inc,12/30/2022
474,Adams-Morgan,6/27/2023
475,"Ayers, Chavez and Mclean",6/3/2023
476,Decker PLC,7/10/2023
477,"James, Hughes and Herring",12/7/2022
478,"Cantu, Mcdonald and Mann",5/21/2023
479,Barker-Santana,9/29/2022
480,"Yu, Stokes and Castillo",9/6/2022
481,Farley PLC,8/16/2022
482,Sims-Marquez,2/27/2023
483,Martin-Atkinson,7/9/2023
484,"Brown, Murphy and Medina",3/22/2023
485,Lewis Ltd,8/10/2023
486,"Smith, Grant and Molina",2/14/2023
487,"Carr, Harris and Green",12/20/2022
488,"Wilson, Fox and Richardson",9/21/2022
489,"Gutierrez, Phelps and Long",11/17/2022
490,Thompson Ltd,9/6/2022
491,"Carroll, Soto and Martinez",11/26/2022
492,"Wright, Simmons and Morris",10/15/2022
493,Davis-Pearson,11/8/2022
494,Moore-Glover,11/6/2022
495,Chapman-Dickerson,7/18/2023
496,Payne-Moran,4/13/2023
497,Hernandez-Day,2/5/2023
498,Johnson-Turner,10/26/2022
499,"Jackson, Jones and Chen",12/12/2022
500,Brooks-Stanley,11/11/2022
501,Reed Ltd,8/4/2023
502,"Young, Burgess and Johnson",10/24/2022
503,Parker PLC,12/10/2022
504,"Acevedo, Robertson and Norris",10/19/2022
505,"Cordova, Howard and Padilla",8/18/2022
506,"Davis, Booth and Dillon",3/29/2023
507,"Rivera, Black and Taylor",6/14/2023
508,"Sampson, Fisher and Taylor",6/28/2023
509,Martin and Sons,2/15/2023
510,Kennedy-Ortiz,7/16/2023
511,Clay and Sons,1/19/2023
512,King-Frazier,4/1/2023
513,"Johnson, Luna and Castillo",12/4/2022
514,"Peterson, Briggs and Blankenship",4/20/2023
515,Camacho and Sons,4/21/2023
516,Carter Group,8/26/2022
517,Lopez Inc,9/29/2022
518,"Howard, Keller and Baker",5/21/2023
519,"Johnson, Williams and Boone",12/26/2022
520,Nunez-Figueroa,1/12/2023
521,"Smith, Murray and Matthews",10/18/2022
522,Young Inc,9/8/2022
523,Phillips-Soto,9/15/2022
524,"Henry, Cook and Wolf",9/10/2022
525,Campos Inc,3/15/2023
526,"Schwartz, Herrera and Bush",10/29/2022
527,Reese-Mcgee,3/12/2023
528,Chaney-Harmon,10/13/2022
529,Williams-Smith,2/18/2023
530,Ray LLC,1/15/2023
531,Jones-Lee,6/18/2023
532,"Espinoza, Jones and Payne",7/29/2023
533,Edwards and Sons,8/22/2022
534,"Obrien, Clark and Taylor",1/12/2023
535,"Howard, Murphy and Hernandez",3/14/2023
536,Carter PLC,10/26/2022
537,Flynn-Smith,7/21/2023
538,Hall Group,10/10/2022
539,Johnson LLC,4/14/2023
540,Harris-Sawyer,7/16/2023
541,Hale-Simpson,11/25/2022
542,Kirk Ltd,10/6/2022
543,Wiggins Group,6/3/2023
544,Moore LLC,9/27/2022
545,"Rojas, Thompson and Lee",7/21/2023
546,"Wallace, Mckenzie and Moses",3/19/2023
547,Hughes-Cruz,10/19/2022
548,Decker-Matthews,3/21/2023
549,Rivas-Howard,11/9/2022
550,Cole Inc,5/7/2023
551,King LLC,11/26/2022
552,Gallegos-Adams,11/9/2022
553,"Mcgrath, Durham and Mills",10/30/2022
554,Chandler Ltd,7/5/2023
555,"Pearson, Lawrence and Harmon",1/14/2023
556,Shannon-Lopez,6/24/2023
557,"Norman, Perez and Hall",8/26/2022
558,"Greer, Curtis and Shields",1/29/2023
559,Graves-Walker,7/20/2023
560,"Kelly, Padilla and Carpenter",10/23/2022
561,Ramirez and Sons,8/3/2023
562,"Reyes, Hall and Marshall",9/29/2022
563,"Schneider, Green and Smith",9/27/2022
564,Jones LLC,10/17/2022
565,"Brown, Gibson and Anderson",12/13/2022
566,Hernandez-Brown,9/1/2022
567,"Boyer, Branch and Franklin",5/23/2023
568,Vaughan LLC,9/12/2022
569,"Walters, Clayton and Meyer",10/4/2022
570,Miller LLC,4/16/2023
571,"Harris, Mcdonald and King",8/5/2023
572,"Moore, Taylor and Sullivan",4/14/2023
573,"Brown, Santos and Poole",7/16/2023
574,Baldwin PLC,6/21/2023
575,Hays-Olsen,10/14/2022
576,Moreno-Mason,5/16/2023
577,Powers PLC,11/26/2022
578,Garcia Group,8/3/2023
579,Harris Inc,11/13/2022
580,Ashley-Rios,6/14/2023
581,"Mendoza, Herrera and Eaton",12/23/2022
582,Hayden Group,11/25/2022
583,"Stephenson, Jones and Torres",12/2/2022
584,Bennett Group,2/23/2023
585,Rodriguez LLC,4/26/2023
586,Smith-Kelly,5/20/2023
587,Love Inc,2/2/2023
588,"Cunningham, Johnson and Nguyen",4/27/2023
589,"Phillips, Rose and Fox",11/9/2022
590,Perez-Rios,9/6/2022
591,Smith PLC,12/23/2022
592,Jones and Sons,10/4/2022
593,Haas-Gomez,11/6/2022
594,Paul-Holmes,10/20/2022
595,Gonzalez LLC,3/14/2023
596,"Burke, Estrada and Mendoza",7/23/2023
597,"Sparks, Phillips and Kelly",3/3/2023
598,Hernandez Group,4/18/2023
599,"Mueller, Johnson and Stevenson",10/20/2022
600,Wells-Hill,12/1/2022
601,Short Ltd,9/7/2022
602,Thomas and Sons,12/12/2022
603,Grant Ltd,12/20/2022
604,"Robinson, Ramirez and Yang",3/22/2023
605,Huerta-Smith,4/19/2023
606,Ward-Brown,7/25/2023
607,Rios Group,11/11/2022
608,"Martinez, Gilbert and Myers",1/22/2023
609,Rodriguez LLC,3/11/2023
610,Mercer PLC,5/16/2023
611,Cooper Inc,8/11/2023
612,"Calhoun, Fuentes and Mcdonald",7/20/2023
613,"Thompson, Hester and Brown",2/20/2023
614,Shelton and Sons,1/8/2023
615,Cannon-Jackson,12/14/2022
616,Hughes and Sons,7/9/2023
617,Morales Group,7/22/2023
618,"Wright, Ward and Christian",10/9/2022
619,"Adams, Foster and Walker",3/20/2023
620,Bean-Stevens,5/26/2023
621,Martinez-Price,2/21/2023
622,"Ho, Brown and Houston",2/9/2023
623,Preston-Turner,3/8/2023
624,Silva PLC,1/20/2023
625,Romero-Lawson,4/11/2023
626,Soto PLC,8/22/2022
627,Mays-Henry,7/11/2023
628,"Rowe, Brewer and Johnson",11/30/2022
629,"Trevino, Decker and Glass",9/18/2022
630,Vaughn-Gilbert,3/15/2023
631,Hall-Moreno,6/6/2023
632,Johnson-Vang,7/11/2023
633,Potter and Sons,10/30/2022
634,Clark-Hernandez,11/26/2022
635,"Crawford, Phillips and Reed",2/11/2023
636,Knox and Sons,1/8/2023
637,Wolfe-Davis,1/25/2023
638,Flores Group,12/14/2022
639,Chapman and Sons,9/30/2022
640,Dunn-Graham,10/20/2022
641,Blackburn-Snow,8/21/2022
642,Elliott LLC,4/21/2023
643,"Hendricks, Jones and Gomez",9/16/2022
644,"Long, Sanchez and Kirby",5/24/2023
645,"Nguyen, Duke and Clark",1/5/2023
646,Bailey PLC,1/17/2023
647,"Black, Adams and Davis",3/1/2023
648,"Brown, Moore and Fisher",7/27/2023
649,"Clark, Watts and Howell",12/18/2022
650,Walker-Chang,8/7/2023
651,Hickman Group,3/8/2023
652,Gaines-Davis,11/5/2022
653,Johnson Ltd,12/21/2022
654,Bradford PLC,10/27/2022
655,Montoya and Sons,9/10/2022
656,"Wagner, Arnold and Hamilton",9/14/2022
657,Garcia-Madden,6/9/2023
658,Miller Group,9/9/2022
659,"Haas, Green and Jackson",7/4/2023
660,"Martinez, Hall and Hall",2/26/2023
661,"Stephens, Moss and Robbins",12/30/2022
662,Jackson-Jones,9/5/2022
663,"Powell, Murphy and Wallace",12/11/2022
664,Clark PLC,8/4/2023
665,Anderson Ltd,2/28/2023
666,"Hall, Newman and Smith",5/13/2023
667,"Malone, Smith and Harrington",8/17/2022
668,"Butler, Mathis and Murillo",2/14/2023
669,Foster Group,8/8/2023
670,"Gibson, Turner and Rodriguez",4/7/2023
671,Stevens LLC,12/23/2022
672,Dalton-Brady,7/1/2023
673,"Ferguson, Lee and Moore",4/17/2023
674,Bradshaw and Sons,7/6/2023
675,"Carroll, Stewart and Rodriguez",4/20/2023
676,Johnson-Perez,8/1/2023
677,"Steele, Lewis and Taylor",7/28/2023
678,Valentine PLC,12/19/2022
679,Williamson-Cook,8/6/2023
680,Owen-Lopez,7/5/2023
681,Lawrence-Skinner,9/26/2022
682,"Doyle, Medina and Flowers",12/24/2022
683,Jones-Maldonado,8/1/2023
684,"Barrett, Sellers and Bender",4/27/2023
685,Hendrix-Hernandez,1/28/2023
686,Powers-Blake,9/25/2022
687,"Ross, Bradshaw and Williams",7/20/2023
688,Howell PLC,8/23/2022
689,Willis and Sons,9/14/2022
690,Long Group,4/4/2023
691,Brown-Tran,3/6/2023
692,Lopez and Sons,9/10/2022
693,Ortiz-Smith,3/22/2023
694,"Burgess, Burgess and Franklin",4/19/2023
695,"Burke, Davis and Patterson",3/19/2023
696,Scott Inc,3/1/2023
697,Griffin-Mathews,12/14/2022
698,Porter-Herrera,4/4/2023
699,Stark-Coleman,8/2/2023
700,Bauer-Avila,5/9/2023
701,Rodriguez-Fisher,2/9/2023
702,Medina-Barber,10/28/2022
703,Reeves LLC,12/2/2022
704,Lopez Group,2/17/2023
705,Carroll-Chen,4/25/2023
706,"Elliott, Quinn and Sanders",4/29/2023
707,Wyatt PLC,3/22/2023
708,"Anderson, Williams and Ali",11/13/2022
709,Ellis Group,2/23/2023
710,"Anderson, Vance and Gray",9/21/2022
711,Mays Ltd,5/7/2023
712,Manning-Chapman,2/21/2023
713,"Parker, Smith and Thomas",4/4/2023
714,"Ryan, Schultz and Rowe",9/27/2022
715,Hanson-Hudson,5/6/2023
716,Tucker PLC,1/14/2023
717,Salas and Sons,8/28/2022
718,Espinoza and Sons,3/1/2023
719,Kelley LLC,9/20/2022
720,"Schmitt, Osborne and Maldonado",5/26/2023
721,Duffy Ltd,6/10/2023
722,"Garcia, Cross and Adams",9/28/2022
723,Fernandez-Stevens,2/7/2023
724,Carrillo PLC,4/26/2023
725,Holder Ltd,1/4/2023
726,"White, Roth and Perez",3/29/2023
727,Reyes-Lee,3/17/2023
728,Mccoy-Myers,7/9/2023
729,"Baxter, Johnson and Bowen",10/16/2022
730,Mcdaniel-Chandler,9/3/2022
731,Gray Group,9/17/2022
732,Lane-Roberts,5/11/2023
733,"Estrada, Stone and King",8/4/2023
734,Anderson and Sons,8/10/2023
735,Smith-Rogers,9/19/2022
736,Johnson LLC,3/11/2023
737,Romero Ltd,4/22/2023
738,Romero-Bell,4/20/2023
739,Turner Group,8/6/2023
740,"Smith, Smith and Golden",1/24/2023
741,Johnson and Sons,5/13/2023
742,"Castillo, Taylor and Johnson",5/26/2023
743,"Howell, Schmidt and Davis",4/24/2023
744,"Grant, Matthews and Townsend",7/9/2023
745,Willis-Wise,12/11/2022
746,"Wood, Buck and Davis",5/29/2023
747,"Martinez, Turner and Johnson",6/4/2023
748,Perez-Perez,1/4/2023
749,"Garcia, Cooley and Horton",6/30/2023
750,Braun LLC,11/26/2022
751,Rocha-Davis,7/25/2023
752,"Perez, King and Bates",6/17/2023
753,"Adams, Heath and Smith",3/18/2023
754,Payne Group,4/4/2023
755,"Grant, Williams and Rivers",11/8/2022
756,Bates-Baird,8/19/2022
